{"stats":{"minecraft:custom":{"minecraft:interact_with_crafting_table":230,"minecraft:open_barrel":46,"minecraft:bell_ring":40,"minecraft:eat_cake_slice":6,"minecraft:leave_game":44,"minecraft:time_since_death":462374,"minecraft:damage_blocked_by_shield":4875,"minecraft:play_time":1740753,"minecraft:deaths":57,"minecraft:jump":17752,"minecraft:interact_with_furnace":99,"minecraft:play_record":10,"minecraft:traded_with_villager":391,"minecraft:sleep_in_bed":63,"the_bumblezone:interact_with_crystalline_flower":75,"minecraft:damage_dealt":53171,"minecraft:interact_with_smoker":13,"minecraft:inspect_dispenser":4,"minecraft:interact_with_smithing_table":3,"minecraft:interact_with_anvil":41,"minecraft:inspect_hopper":84,"minecraft:sneak_time":51198,"the_bumblezone:bumble_bee_chestplate_fly_time":414,"minecraft:interact_with_blast_furnace":40,"minecraft:total_world_time":1740753,"minecraft:tune_noteblock":10,"minecraft:interact_with_stonecutter":14,"minecraft:time_since_rest":108344,"minecraft:swim_one_cm":72171,"minecraft:fly_one_cm":6137073,"minecraft:open_chest":915,"minecraft:fall_one_cm":465216,"minecraft:animals_bred":148,"minecraft:sprint_one_cm":2618564,"minecraft:drop":1408,"minecraft:talked_to_villager":396,"minecraft:walk_on_water_one_cm":237711,"minecraft:crouch_one_cm":81535,"minecraft:mob_kills":534,"the_bumblezone:carpenter_bee_boots_wall_hang_time":63,"minecraft:interact_with_campfire":22,"minecraft:climb_one_cm":45218,"minecraft:walk_one_cm":3684048,"minecraft:walk_under_water_one_cm":63514,"minecraft:boat_one_cm":252901,"minecraft:raid_trigger":1,"minecraft:pot_flower":1,"minecraft:interact_with_grindstone":5,"minecraft:damage_absorbed":43,"minecraft:damage_taken":27677},"minecraft:picked_up":{"minecraft:chainmail_boots":3,"minecraft:flower_pot":1,"minecraft:lead":4,"minecraft:smithing_table":5,"minecraft:stone_slab":7,"minecraft:bee_spawn_egg":1,"minecraft:oak_stairs":104,"minecraft:wither_rose":9,"minecraft:enchanted_book":2,"minecraft:string":125,"minecraft:beetroot":1,"the_bumblezone:music_disc_knowing_renren":1,"minecraft:cobbled_deepslate":11,"bosses_of_mass_destruction:soul_star":12,"minecraft:spruce_planks":8,"minecraft:iron_golem_spawn_egg":7,"hangglider:hang_glider":17,"the_bumblezone:honey_bee_leggings_1":1,"minecraft:coal_block":1,"minecraft:jukebox":1,"minecraft:big_dripleaf":25,"minecraft:honeycomb_block":14,"the_bumblezone:bee_stinger":54,"minecraft:yellow_banner":4,"minecraft:stone_sword":3,"minecraft:cow_spawn_egg":1,"minecraft:cyan_terracotta":628,"minecraft:white_terracotta":31,"minecraft:birch_log":246,"minecraft:magma_block":3,"minecraft:cooked_beef":22,"minecraft:brown_wool":1,"minecraft:dark_oak_boat":5,"exposure:aged_photograph":3,"minecraft:flint":7,"minecraft:hanging_roots":3,"minecraft:dark_oak_sign":4,"minecraft:glowstone_dust":1,"minecraft:moss_block":36,"minecraft:honeycomb":9,"the_bumblezone:music_disc_bee_ware_of_the_temple":1,"minecraft:vindicator_spawn_egg":2,"minecraft:sheep_spawn_egg":6,"minecraft:warped_wart_block":2,"minecraft:dark_oak_log":361,"minecraft:barrel":3,"scout:tanned_leather":20,"minecraft:dispenser":1,"minecraft:blue_ice":12,"the_bumblezone:honey_crystal_shield":2,"minecraft:chainmail_helmet":2,"minecraft:bread":40,"minecraft:rooted_dirt":1,"minecraft:dark_oak_fence":3,"minecraft:crimson_roots":2,"the_bumblezone:music_disc_life_renren":1,"the_bumblezone:porous_honeycomb_block":31,"minecraft:crafting_table":26,"minecraft:bee_nest":2,"minecraft:clay_ball":1444,"minecraft:golden_pickaxe":1,"friendsandfoes:totem_of_illusion":1,"minecraft:spider_spawn_egg":2,"minecraft:flint_and_steel":6,"minecraft:white_carpet":112,"minecraft:deepslate_diamond_ore":2,"minecraft:beef":95,"the_bumblezone:music_disc_drowning_in_despair":1,"minecraft:poppy":149,"minecraft:spruce_slab":3,"minecraft:chest":8,"minecraft:birch_sapling":29,"minecraft:diamond_hoe":2,"minecraft:egg":1,"minecraft:stone":14,"minecraft:oak_door":5,"minecraft:cake":5,"minecraft:carrot":140,"minecraft:redstone":139,"minecraft:stone_shovel":14,"minecraft:decorated_pot":2,"minecraft:peony":1,"minecraft:shears":5,"minecraft:totem_of_undying":138,"minecraft:gold_ingot":18,"minecraft:glow_berries":26,"minecraft:mutton":117,"minecraft:white_wool":336,"minecraft:stripped_oak_log":64,"minecraft:birch_leaves":91,"minecraft:red_mushroom":15,"the_bumblezone:music_disc_flight_of_the_bumblebee_rimsky_korsakov":1,"minecraft:filled_map":6,"minecraft:oak_log":148,"minecraft:white_banner":103,"minecraft:spawner":17,"minecraft:apple":6,"minecraft:spore_blossom":1,"minecraft:stone_pickaxe":2,"minecraft:cobweb":6,"minecraft:glass_bottle":4,"the_bumblezone:crystalline_flower":3,"minecraft:iron_sword":2,"minecraft:flowering_azalea":2,"minecraft:smooth_basalt":1,"minecraft:dark_oak_slab":3,"minecraft:sweet_berries":572,"minecraft:gravel":1,"the_bumblezone:filled_porous_honeycomb_block":3,"minecraft:oak_wood":1,"minecraft:stone_axe":12,"minecraft:birch_sign":4,"morebows:iron_bow":2,"minecraft:warped_nylium":1,"minecraft:hopper":16,"minecraft:ender_pearl":8,"minecraft:wheat":1161,"the_bumblezone:honey_crystal_shards":944,"minecraft:green_stained_glass_pane":2,"spawnermod:spawner_key":8,"minecraft:potion":1,"minecraft:raw_copper":32,"minecraft:armor_stand":12,"minecraft:iron_leggings":2,"minecraft:purple_banner":16,"minecraft:oak_sign":2,"the_bumblezone:honey_crystal":5,"minecraft:bucket":1,"comforts:sleeping_bag_white":3,"minecraft:rose_bush":1,"minecraft:cobblestone_slab":4,"minecraft:calcite":1,"minecraft:azalea":8,"minecraft:iron_pickaxe":1,"minecraft:furnace":6,"minecraft:iron_boots":2,"minecraft:stick":470,"minecraft:oak_fence":24,"minecraft:torch":1126,"minecraft:porkchop":11,"the_bumblezone:bumble_bee_chestplate_1":1,"minecraft:rotten_flesh":44,"minecraft:obsidian":25,"adventurez:orc_skin":12,"minecraft:cobblestone":1420,"minecraft:leather_chestplate":1,"minecraft:magma_cream":1,"minecraft:potato":4,"minecraft:dirt":2950,"minecraft:name_tag":6,"minecraft:glass":86,"minecraft:bone":36,"minecraft:bow":4,"minecraft:orange_tulip":13,"minecraft:wheat_seeds":2527,"adventurez:raw_venison":1,"minecraft:raw_gold":24,"minecraft:bell":9,"minecraft:grindstone":2,"minecraft:fletching_table":3,"minecraft:oak_planks":361,"friendsandfoes:totem_of_freezing":3,"the_bumblezone:stingless_bee_helmet_1":1,"minecraft:cooked_porkchop":4,"minecraft:poisonous_potato":6,"minecraft:enderman_spawn_egg":1,"minecraft:sand":148,"minecraft:jungle_slab":13,"minecraft:mossy_cobblestone":10,"minecraft:skeleton_spawn_egg":5,"minecraft:light_gray_terracotta":396,"minecraft:sugar":20,"minecraft:clay":1,"minecraft:crossbow":44,"minecraft:emerald":702,"minecraft:oak_sapling":23,"minecraft:netherrack":91,"minecraft:ladder":62,"minecraft:brown_mushroom":102,"minecraft:chain":16,"the_bumblezone:music_disc_a_last_first_last":1,"minecraft:shield":2,"minecraft:moss_carpet":3,"minecraft:iron_axe":10,"minecraft:item_frame":3,"minecraft:cyan_carpet":3,"minecraft:blackstone":2,"minecraft:oak_boat":9,"immersive_melodies:trumpet":5,"minecraft:player_head":1,"the_bumblezone:music_disc_radiance_renren":1,"minecraft:lectern":42,"minecraft:sugar_cane":406,"minecraft:dark_oak_sapling":5,"minecraft:raw_iron":194,"minecraft:copper_ingot":21,"minecraft:bowl":5,"minecraft:stone_pressure_plate":1,"minecraft:purple_terracotta":1,"minecraft:dark_oak_planks":193,"minecraft:arrow":1666,"simplyswords:iron_scythe":1,"the_bumblezone:glistering_honey_crystal":13,"minecraft:pumpkin_pie":10,"minecraft:saddle":5,"minecraft:glistering_melon_slice":6,"minecraft:salmon":1,"minecraft:leather":104,"the_bumblezone:music_disc_la_bee_da_loca":1,"minecraft:birch_planks":200,"minecraft:mushroom_stew":2,"minecraft:chainmail_chestplate":3,"minecraft:yellow_bed":18,"minecraft:gunpowder":75,"minecraft:cobblestone_stairs":3,"minecraft:cooked_mutton":7,"minecraft:iron_ingot":875,"the_bumblezone:carpenter_bee_boots_1":1,"minecraft:book":204,"minecraft:pillager_spawn_egg":22,"minecraft:oak_slab":7,"minecraft:birch_boat":21,"minecraft:quartz":43,"minecraft:dandelion":5,"the_bumblezone:music_disc_honey_bee_rat_faced_boy":1,"minecraft:blast_furnace":15,"minecraft:white_bed":21,"minecraft:spider_eye":14,"the_bumblezone:music_disc_bee_laxing_with_the_hom_bees":1,"minecraft:chainmail_leggings":1,"the_bumblezone:pollen_puff":98,"immersive_melodies:didgeridoo":2,"minecraft:black_wool":1,"minecraft:coal":431},"minecraft:dropped":{"minecraft:iron_sword":11,"minecraft:cooked_beef":1,"immersive_melodies:trumpet":4,"minecraft:glass_bottle":5,"minecraft:crafting_table":1,"minecraft:orange_tulip":1,"minecraft:crossbow":36,"minecraft:glow_berries":10,"minecraft:item_frame":2,"minecraft:emerald":279,"minecraft:dirt":520,"minecraft:dark_oak_fence":3,"minecraft:sand":115,"the_bumblezone:honey_crystal_shards":175,"minecraft:iron_pickaxe":1,"minecraft:dark_oak_planks":6,"minecraft:dark_oak_boat":1,"minecraft:green_stained_glass_pane":2,"minecraft:white_wool":32,"the_bumblezone:sticky_honey_residue":2,"minecraft:bone":16,"minecraft:oak_door":1,"minecraft:stone_axe":13,"minecraft:sugar_cane":5,"minecraft:wheat":96,"minecraft:birch_sapling":8,"minecraft:rotten_flesh":8,"minecraft:oak_planks":54,"minecraft:glowstone_dust":1,"minecraft:white_bed":4,"bosses_of_mass_destruction:soul_star":1,"minecraft:ladder":11,"minecraft:yellow_banner":1,"minecraft:spruce_slab":1,"minecraft:glass":176,"minecraft:beef":5,"minecraft:warped_wart_block":2,"minecraft:enchanted_book":3,"minecraft:iron_ingot":270,"minecraft:birch_leaves":86,"minecraft:wheat_seeds":274,"the_bumblezone:glistering_honey_crystal":1,"minecraft:iron_golem_spawn_egg":2,"minecraft:book":72,"minecraft:cobblestone":36,"minecraft:apple":2,"minecraft:chainmail_helmet":2,"minecraft:coal":41,"minecraft:mushroom_stew":2,"minecraft:cobweb":2,"minecraft:jungle_slab":12,"minecraft:wooden_axe":1,"minecraft:rose_bush":2,"minecraft:oak_stairs":50,"minecraft:white_banner":92,"minecraft:iron_shovel":1,"minecraft:chainmail_leggings":7,"minecraft:string":7,"spawnermod:spawner_key":1,"minecraft:stone_sword":4,"minecraft:diamond_hoe":2,"minecraft:stone_shovel":39,"minecraft:clay_ball":178,"minecraft:iron_boots":14,"minecraft:stone_slab":4,"minecraft:blast_furnace":2,"minecraft:big_dripleaf":12,"minecraft:cobblestone_slab":2,"minecraft:flower_pot":1,"adventurez:orc_skin":1,"minecraft:peony":1,"minecraft:stone_pressure_plate":1,"minecraft:spider_eye":6,"minecraft:bow":1,"minecraft:bell":12,"minecraft:black_wool":1,"morebows:multi_bow":1,"minecraft:moss_block":11,"minecraft:birch_planks":42,"minecraft:diamond_axe":5,"minecraft:golden_pickaxe":1,"the_bumblezone:pollen_puff":1,"minecraft:leather":10,"minecraft:honeycomb":1,"minecraft:cyan_terracotta":16,"minecraft:dark_oak_log":21,"minecraft:mutton":1,"minecraft:crimson_roots":2,"minecraft:pumpkin_pie":10,"minecraft:glistering_melon_slice":6,"minecraft:birch_log":11,"minecraft:gold_ingot":8,"minecraft:honeycomb_block":7,"minecraft:armor_stand":2,"minecraft:blackstone":2,"the_bumblezone:honey_crystal_shield":1,"minecraft:cooked_mutton":5,"minecraft:carrot":12,"minecraft:chainmail_chestplate":3,"minecraft:poppy":83,"minecraft:leather_chestplate":1,"minecraft:gunpowder":8,"minecraft:azalea":1,"minecraft:chest":2,"minecraft:chainmail_boots":9,"immersive_melodies:didgeridoo":2,"comforts:sleeping_bag_white":1,"minecraft:arrow":1186,"minecraft:oak_leaves":64,"minecraft:netherrack":61,"minecraft:spawner":2,"minecraft:bread":60,"minecraft:oak_slab":6,"minecraft:mossy_cobblestone":2,"minecraft:poisonous_potato":6,"minecraft:stick":36,"minecraft:milk_bucket":1,"the_bumblezone:filled_porous_honeycomb_block":2,"minecraft:iron_axe":29,"the_bumblezone:porous_honeycomb_block":1,"minecraft:bucket":1,"minecraft:smooth_basalt":1,"minecraft:redstone":4,"minecraft:sweet_berries":170,"minecraft:raw_copper":20,"minecraft:jukebox":1,"minecraft:light_gray_terracotta":128,"minecraft:totem_of_undying":204,"morebows:iron_bow":3,"simplyswords:iron_scythe":1,"minecraft:shield":14,"minecraft:cake":2,"minecraft:blue_ice":6,"minecraft:oak_boat":2,"minecraft:oak_sapling":4,"minecraft:spruce_log":1,"minecraft:stone_pickaxe":1,"minecraft:wooden_pickaxe":1,"minecraft:calcite":1},"minecraft:broken":{"minecraft:iron_boots":1,"minecraft:iron_chestplate":1,"minecraft:iron_leggings":2,"minecraft:iron_hoe":2,"simplyswords:iron_scythe":1,"minecraft:iron_axe":4,"minecraft:iron_pickaxe":9,"minecraft:iron_helmet":1,"minecraft:iron_shovel":1,"minecraft:stone_pickaxe":9,"minecraft:stone_axe":4,"minecraft:wooden_axe":1,"minecraft:stone_shovel":25},"minecraft:crafted":{"minecraft:smooth_stone":3,"the_bumblezone:honey_crystal_shield":1,"the_bumblezone:stinger_spear":1,"minecraft:birch_boat":5,"minecraft:cooked_mutton":80,"spawnermod:spawner_key":1,"minecraft:glass":167,"minecraft:diamond_helmet":1,"minecraft:diamond_leggings":2,"minecraft:flower_pot":1,"minecraft:emerald":242,"minecraft:diamond_axe":6,"minecraft:copper_ingot":12,"minecraft:campfire":5,"the_bumblezone:glistering_honey_crystal":47,"minecraft:iron_pickaxe":11,"minecraft:iron_block":6,"scout:satchel_strap":2,"niftycarts:plow":1,"hangglider:glider_framework":1,"minecraft:stone_shovel":52,"minecraft:diamond_hoe":6,"comforts:sleeping_bag_white":1,"immersive_melodies:triangle":1,"immersive_melodies:flute":1,"minecraft:bone_meal":15,"hangglider:glider_wing":2,"minecraft:white_carpet":27,"niftycarts:wheel":2,"minecraft:diamond":2,"minecraft:ladder":102,"minecraft:stone_pickaxe":8,"minecraft:diamond_boots":2,"minecraft:dark_oak_planks":296,"minecraft:chainmail_leggings":7,"minecraft:enchanted_book":2,"minecraft:chainmail_boots":6,"minecraft:wooden_axe":2,"minecraft:iron_shovel":4,"minecraft:white_bed":10,"minecraft:note_block":3,"minecraft:brick":3,"minecraft:grindstone":1,"minecraft:oak_planks":580,"scout:satchel":1,"hangglider:hang_glider":1,"minecraft:stone":7,"minecraft:hopper":4,"minecraft:bow":1,"minecraft:iron_boots":13,"minecraft:chest":32,"morebows:iron_bow":4,"minecraft:stone_hoe":1,"minecraft:oak_fence":63,"minecraft:smoker":1,"minecraft:oak_slab":6,"minecraft:arrow":352,"minecraft:crafting_table":7,"minecraft:iron_helmet":1,"minecraft:wooden_pickaxe":1,"minecraft:birch_planks":708,"simplyswords:iron_scythe":1,"minecraft:book":2,"minecraft:iron_chestplate":1,"minecraft:paper":6,"minecraft:diamond_pickaxe":1,"minecraft:shield":14,"the_bumblezone:sticky_honey_residue":2,"minecraft:stick":1728,"minecraft:iron_ingot":41,"minecraft:stone_sword":1,"minecraft:shears":2,"simplyswords:iron_twinblade":1,"minecraft:blast_furnace":1,"minecraft:stone_button":1,"minecraft:furnace":2,"minecraft:mushroom_stew":2,"minecraft:dark_oak_sign":3,"minecraft:flint_and_steel":2,"immersive_melodies:piano":1,"minecraft:iron_axe":26,"minecraft:iron_hoe":3,"morebows:multi_bow":1,"minecraft:diamond_sword":2,"minecraft:iron_sword":9,"minecraft:bell":8,"minecraft:bucket":4,"minecraft:stone_axe":9,"minecraft:bread":144,"minecraft:air":0,"minecraft:oak_boat":1,"minecraft:stonecutter":1,"minecraft:anvil":2,"minecraft:torch":304,"minecraft:diamond_chestplate":1},"minecraft:killed":{"minecraft:cave_spider":1,"minecraft:skeleton":20,"friendsandfoes:glare":1,"minecraft:cat":7,"minecraft:magma_cube":3,"minecraft:salmon":1,"minecraft:iron_golem":61,"minecraft:pillager":165,"minecraft:zombie":37,"minecraft:cow":47,"minecraft:evoker":11,"minecraft:vindicator":24,"minecraft:horse":1,"adventurez:orc":4,"minecraft:husk":1,"graveyard:ghoul":1,"minecraft:wandering_trader":2,"minecraft:ravager":1,"adventurez:deer":1,"minecraft:enderman":2,"minecraft:witch":7,"minecraft:spider":10,"minecraft:illusioner":3,"minecraft:pig":6,"minecraft:creeper":6,"minecraft:sheep":62,"minecraft:trader_llama":4,"minecraft:vex":21,"friendsandfoes:iceologer":2,"minecraft:squid":2},"minecraft:mined":{"minecraft:dark_oak_planks":3,"minecraft:white_bed":18,"minecraft:obsidian":25,"minecraft:hopper":16,"minecraft:spawner":12,"minecraft:magma_block":3,"minecraft:fire":12,"minecraft:barrel":3,"the_bumblezone:crystalline_flower":1,"minecraft:moss_carpet":2,"minecraft:fletching_table":3,"minecraft:cave_vines":13,"minecraft:oak_sign":2,"minecraft:oak_stairs":104,"minecraft:dirt_path":105,"minecraft:white_banner":2,"minecraft:player_head":1,"minecraft:brown_mushroom":3,"minecraft:crimson_nylium":37,"minecraft:torch":20,"minecraft:blast_furnace":7,"minecraft:glass":31,"minecraft:sugar_cane":125,"minecraft:birch_sapling":2,"minecraft:white_terracotta":31,"minecraft:chain":16,"minecraft:wheat":900,"minecraft:wither_rose":4,"minecraft:grass":77,"minecraft:smooth_basalt":1,"minecraft:red_mushroom_block":51,"minecraft:deepslate":13,"minecraft:mossy_cobblestone":11,"minecraft:dark_oak_log":105,"minecraft:dark_oak_fence":2,"minecraft:crimson_roots":1,"the_bumblezone:carvable_wax":1,"the_bumblezone:filled_porous_honeycomb_block":5,"minecraft:moss_block":27,"minecraft:big_dripleaf_stem":1,"minecraft:vine":9,"minecraft:cobblestone_slab":3,"the_bumblezone:honey_crystal":6,"minecraft:white_wool":4,"minecraft:smithing_table":4,"minecraft:oak_slab":7,"minecraft:glass_pane":12,"minecraft:hanging_roots":1,"minecraft:dandelion":1,"minecraft:campfire":1,"minecraft:tall_grass":14,"minecraft:copper_ore":3,"minecraft:deepslate_gold_ore":2,"minecraft:big_dripleaf":4,"minecraft:warped_wart_block":2,"minecraft:black_stained_glass":4,"minecraft:white_carpet":40,"minecraft:birch_leaves":87,"minecraft:dark_oak_sign":2,"minecraft:gravel":5,"minecraft:cobweb":28,"minecraft:fern":14,"minecraft:spruce_planks":6,"minecraft:farmland":83,"minecraft:jungle_slab":2,"minecraft:cobblestone_stairs":3,"minecraft:cave_vines_plant":23,"minecraft:grass_block":1407,"the_bumblezone:sticky_honey_residue":1,"minecraft:iron_ore":88,"minecraft:flowering_azalea_leaves":2,"minecraft:birch_wall_sign":8,"minecraft:azalea_leaves":5,"minecraft:azalea":4,"minecraft:cyan_terracotta":430,"minecraft:blackstone":2,"the_bumblezone:pile_of_pollen":30,"minecraft:clay":117,"minecraft:light_gray_terracotta":316,"minecraft:calcite":1,"minecraft:poppy":5,"minecraft:chest":7,"minecraft:mushroom_stem":7,"minecraft:nether_quartz_ore":9,"minecraft:cobblestone":197,"minecraft:honeycomb_block":7,"minecraft:oak_planks":297,"minecraft:grindstone":2,"minecraft:wall_torch":17,"the_bumblezone:porous_honeycomb_block":5,"minecraft:birch_log":223,"minecraft:orange_tulip":5,"minecraft:oak_log":154,"minecraft:sand":154,"minecraft:dirt":682,"minecraft:dispenser":1,"minecraft:netherrack":53,"minecraft:oak_leaves":136,"minecraft:yellow_wall_banner":1,"minecraft:dark_oak_leaves":38,"minecraft:potted_wither_rose":1,"minecraft:deepslate_diamond_ore":2,"minecraft:oak_door":4,"the_bumblezone:glistering_honey_crystal":12,"minecraft:ladder":1,"minecraft:glow_lichen":1,"minecraft:purple_terracotta":2,"minecraft:decorated_pot":2,"minecraft:brown_mushroom_block":52,"minecraft:rooted_dirt":1,"minecraft:large_fern":15,"minecraft:furnace":3,"minecraft:carrots":35,"minecraft:peony":1,"minecraft:bell":6,"minecraft:bookshelf":10,"minecraft:deepslate_iron_ore":12,"minecraft:stripped_oak_log":64,"minecraft:stone":1078,"minecraft:flowering_azalea":3,"minecraft:oak_fence":24,"minecraft:crafting_table":17,"minecraft:oak_wood":3,"minecraft:rose_bush":1,"minecraft:lectern":37,"minecraft:stone_slab":6,"minecraft:birch_planks":47,"minecraft:beehive":2,"minecraft:sweet_berry_bush":113,"minecraft:white_wall_banner":9,"minecraft:bee_nest":2,"minecraft:yellow_bed":18,"minecraft:coal_ore":178,"minecraft:cyan_carpet":1},"minecraft:killed_by":{"minecraft:pillager":2,"minecraft:vindicator":9,"creeperoverhaul:dark_oak_creeper":1,"minecraft:zombie":1,"minecraft:husk":1,"minecraft:creeper":1,"minecraft:illusioner":1,"minecraft:player":4,"graveyard:ghoul":1,"minecraft:spider":3,"minecraft:enderman":3,"minecraft:iron_golem":7,"minecraft:bee":1,"adventurez:amethyst_golem":1,"minecraft:skeleton":6},"minecraft:used":{"minecraft:moss_block":3,"minecraft:spruce_slab":1,"minecraft:ladder":92,"minecraft:poppy":14,"minecraft:chest":27,"minecraft:stone":14,"the_bumblezone:glistering_honey_crystal":7,"minecraft:rotten_flesh":8,"minecraft:skeleton_spawn_egg":2,"minecraft:jungle_slab":1,"the_bumblezone:music_disc_radiance_renren":1,"minecraft:lava_bucket":4,"minecraft:villager_spawn_egg":19,"minecraft:birch_sapling":10,"the_bumblezone:music_disc_life_renren":1,"friendsandfoes:totem_of_freezing":3,"aquamirae:sharp_bones":1,"simplyswords:iron_scythe":215,"minecraft:bow":26,"minecraft:dark_oak_boat":2,"minecraft:sweet_berries":294,"minecraft:oak_sapling":1,"minecraft:furnace":4,"minecraft:egg":1,"the_bumblezone:music_disc_bee_ware_of_the_temple":1,"minecraft:potato":2,"adventurez:raw_venison":1,"minecraft:green_stained_glass_pane":2,"minecraft:spider_spawn_egg":1,"minecraft:cow_spawn_egg":39,"the_bumblezone:stinger_spear":44,"minecraft:wooden_pickaxe":20,"minecraft:clay":1,"minecraft:golden_apple":1,"minecraft:glow_berries":16,"minecraft:blast_furnace":6,"minecraft:purple_terracotta":1,"minecraft:lectern":40,"minecraft:spore_blossom":1,"morebows:multi_bow":108,"minecraft:diamond_sword":87,"minecraft:smithing_table":4,"minecraft:birch_log":16,"minecraft:oak_boat":5,"plushies:zombie_villager_plushie":2,"minecraft:stone_sword":69,"minecraft:armor_stand":2,"minecraft:netherrack":3,"minecraft:torch":243,"the_bumblezone:honey_crystal_shield":12,"minecraft:anvil":3,"the_bumblezone:music_disc_knowing_renren":1,"minecraft:chainmail_chestplate":2,"minecraft:flowering_azalea":2,"minecraft:iron_axe":1612,"minecraft:rooted_dirt":1,"minecraft:spawner":11,"minecraft:totem_of_undying":1,"minecraft:barrel":3,"minecraft:diamond_chestplate":3,"minecraft:beef":3,"comforts:sleeping_bag_white":2,"minecraft:cobbled_deepslate":8,"minecraft:hanging_roots":3,"minecraft:wheat_seeds":1061,"minecraft:water_bucket":120,"the_bumblezone:honey_crystal_shards":9,"minecraft:birch_planks":52,"morebows:iron_bow":845,"minecraft:fletching_table":3,"minecraft:sheep_spawn_egg":2,"minecraft:mossy_cobblestone":2,"minecraft:oak_slab":6,"minecraft:tnt":7,"minecraft:crafting_table":23,"minecraft:birch_sign":10,"minecraft:white_bed":26,"minecraft:campfire":7,"minecraft:cake":1,"minecraft:oak_log":1,"minecraft:diamond_pickaxe":1486,"minecraft:iron_pickaxe":2746,"minecraft:cobblestone":369,"minecraft:potion":1,"minecraft:cooked_porkchop":2,"minecraft:porkchop":1,"minecraft:jukebox":1,"minecraft:iron_shovel":951,"minecraft:oak_sign":2,"minecraft:decorated_pot":2,"minecraft:shield":66,"minecraft:iron_sword":625,"minecraft:zombie_spawn_egg":2,"the_bumblezone:music_disc_a_last_first_last":1,"the_bumblezone:music_disc_bee_laxing_with_the_hom_bees":1,"minecraft:bell":6,"minecraft:player_head":1,"minecraft:iron_chestplate":1,"the_bumblezone:crystalline_flower":3,"minecraft:mutton":8,"minecraft:carrot":89,"minecraft:axolotl_bucket":4,"minecraft:milk_bucket":2,"minecraft:obsidian":20,"the_bumblezone:ancient_wax_bricks":1,"minecraft:glass":47,"minecraft:cyan_terracotta":342,"minecraft:warped_nylium":1,"minecraft:iron_helmet":1,"minecraft:dark_oak_sapling":3,"minecraft:diamond_boots":2,"minecraft:birch_leaves":5,"minecraft:dark_oak_sign":2,"minecraft:stone_pickaxe":1125,"minecraft:oak_planks":220,"minecraft:ender_pearl":4,"minecraft:chainmail_helmet":1,"minecraft:diamond_axe":400,"minecraft:sugar_cane":58,"minecraft:white_wool":3,"the_bumblezone:filled_porous_honeycomb_block":1,"minecraft:mushroom_stew":2,"minecraft:light_gray_terracotta":164,"minecraft:lingering_potion":5,"minecraft:shears":110,"plushies:dragon_plushie":4,"minecraft:dark_oak_log":11,"minecraft:bread":83,"minecraft:gravel":1,"minecraft:evoker_spawn_egg":2,"minecraft:chainmail_boots":1,"minecraft:grindstone":3,"minecraft:chain":16,"minecraft:bone_meal":15,"minecraft:azalea":5,"minecraft:oak_fence":87,"minecraft:flint_and_steel":26,"the_bumblezone:music_disc_drowning_in_despair":1,"minecraft:stone_shovel":3435,"minecraft:redstone":1,"minecraft:spruce_planks":8,"minecraft:stone_hoe":101,"niftycarts:plow":1,"minecraft:oak_door":1,"minecraft:dirt":1232,"minecraft:white_carpet":43,"minecraft:hopper":20,"minecraft:diamond_helmet":2,"the_bumblezone:porous_honeycomb_block":1,"minecraft:bee_nest":2,"minecraft:iron_hoe":14,"minecraft:dark_oak_planks":3,"minecraft:wooden_axe":119,"the_bumblezone:music_disc_la_bee_da_loca":1,"the_bumblezone:music_disc_honey_bee_rat_faced_boy":1,"minecraft:iron_boots":1,"aquamirae:spinefish":1,"the_bumblezone:music_disc_flight_of_the_bumblebee_rimsky_korsakov":1,"minecraft:cooked_beef":15,"minecraft:cooked_mutton":82,"minecraft:iron_golem_spawn_egg":10,"minecraft:birch_boat":10,"minecraft:brown_mushroom":1,"minecraft:stonecutter":1,"minecraft:cobblestone_slab":1,"minecraft:vindicator_spawn_egg":3,"the_bumblezone:pollen_puff":32,"simplyswords:iron_twinblade":203,"bosses_of_mass_destruction:soul_star":8,"minecraft:smoker":1,"minecraft:flower_pot":1,"minecraft:apple":3,"minecraft:stone_slab":2,"the_bumblezone:honey_crystal":2,"minecraft:stone_axe":597,"minecraft:white_banner":64,"minecraft:bucket":130,"minecraft:yellow_bed":18,"minecraft:pumpkin_pie":7,"minecraft:wither_rose":4,"the_bumblezone:bumble_bee_chestplate_1":2,"minecraft:splash_potion":54,"minecraft:pillager_spawn_egg":18}},"DataVersion":3465}